case_id,observed_label,rule_verdict,rule_type,rule_text,initial_distance_to_obstacle,initial_speed,obstacle_radius,initial_heading_error,cf_variable,cf_original_value,cf_perturbed_value,cf_l1_distance,cf_flips_verdict
2,Pass,Fail,fail,initial_heading_error <= 0.8236 AND initial_heading_error > -1.0574,0.863845,2.010566,0.508032,-0.939096,initial_heading_error,-0.939096,-1.058400,0.119304,True
2,Pass,Fail,fail,initial_heading_error <= 0.8236 AND initial_heading_error > -1.0574,0.863845,2.010566,0.508032,-0.939096,initial_heading_error,-0.939096,0.824600,1.763696,True
11,Pass,Fail,fail,initial_heading_error <= 0.8236 AND initial_heading_error > -1.0574,1.450116,0.277727,0.789598,-0.975879,initial_heading_error,-0.975879,-1.058400,0.082521,True
11,Pass,Fail,fail,initial_heading_error <= 0.8236 AND initial_heading_error > -1.0574,1.450116,0.277727,0.789598,-0.975879,initial_heading_error,-0.975879,0.824600,1.800479,True
13,Pass,Fail,fail,initial_heading_error <= 0.8236 AND initial_heading_error > -1.0574,1.180585,0.660203,0.970068,0.552230,initial_heading_error,0.552230,0.824600,0.272370,True
13,Pass,Fail,fail,initial_heading_error <= 0.8236 AND initial_heading_error > -1.0574,1.180585,0.660203,0.970068,0.552230,initial_heading_error,0.552230,-1.058400,1.610630,True
20,Pass,Fail,fail,initial_heading_error <= 0.8236 AND initial_heading_error > -1.0574,2.504705,1.825050,0.909076,-0.157553,initial_heading_error,-0.157553,-1.058400,0.900847,True
20,Pass,Fail,fail,initial_heading_error <= 0.8236 AND initial_heading_error > -1.0574,2.504705,1.825050,0.909076,-0.157553,initial_heading_error,-0.157553,0.824600,0.982153,True
21,Pass,Fail,fail,initial_heading_error <= 0.8236 AND initial_heading_error > -1.0574,2.187704,0.445099,0.465271,0.201282,initial_heading_error,0.201282,0.824600,0.623318,True
21,Pass,Fail,fail,initial_heading_error <= 0.8236 AND initial_heading_error > -1.0574,2.187704,0.445099,0.465271,0.201282,initial_heading_error,0.201282,-1.058400,1.259682,True
29,Pass,Fail,fail,initial_heading_error <= 0.8236 AND initial_heading_error > -1.0574,1.789673,2.431594,0.429413,-0.998914,initial_heading_error,-0.998914,-1.058400,0.059486,True
29,Pass,Fail,fail,initial_heading_error <= 0.8236 AND initial_heading_error > -1.0574,1.789673,2.431594,0.429413,-0.998914,initial_heading_error,-0.998914,0.824600,1.823514,True
43,Pass,Fail,fail,initial_heading_error <= 0.8236 AND initial_heading_error > -1.0574,1.360341,1.710925,0.652438,-0.488787,initial_heading_error,-0.488787,-1.058400,0.569613,True
43,Pass,Fail,fail,initial_heading_error <= 0.8236 AND initial_heading_error > -1.0574,1.360341,1.710925,0.652438,-0.488787,initial_heading_error,-0.488787,0.824600,1.313387,True
50,Pass,Fail,fail,initial_heading_error <= 0.8236 AND initial_heading_error > -1.0574,1.907554,0.028982,0.538989,0.233012,initial_heading_error,0.233012,0.824600,0.591588,True
50,Pass,Fail,fail,initial_heading_error <= 0.8236 AND initial_heading_error > -1.0574,1.907554,0.028982,0.538989,0.233012,initial_heading_error,0.233012,-1.058400,1.291412,True
54,Pass,Fail,fail,initial_heading_error <= 0.8236 AND initial_heading_error > -1.0574,2.442456,2.078870,0.624367,-0.773050,initial_heading_error,-0.773050,-1.058400,0.285350,True
54,Pass,Fail,fail,initial_heading_error <= 0.8236 AND initial_heading_error > -1.0574,2.442456,2.078870,0.624367,-0.773050,initial_heading_error,-0.773050,0.824600,1.597650,True
56,Pass,Fail,fail,initial_heading_error <= 0.8236 AND initial_heading_error > -1.0574,0.818051,1.884569,0.360911,0.435581,initial_heading_error,0.435581,0.824600,0.389019,True
56,Pass,Fail,fail,initial_heading_error <= 0.8236 AND initial_heading_error > -1.0574,0.818051,1.884569,0.360911,0.435581,initial_heading_error,0.435581,-1.058400,1.493981,True
57,Pass,Fail,fail,initial_heading_error <= 0.8236 AND initial_heading_error > -1.0574,2.431272,1.509548,0.803079,-0.970028,initial_heading_error,-0.970028,-1.058400,0.088372,True
57,Pass,Fail,fail,initial_heading_error <= 0.8236 AND initial_heading_error > -1.0574,2.431272,1.509548,0.803079,-0.970028,initial_heading_error,-0.970028,0.824600,1.794628,True
58,Pass,Fail,fail,initial_heading_error <= 0.8236 AND initial_heading_error > -1.0574,2.043237,2.396637,0.887076,-0.509292,initial_heading_error,-0.509292,-1.058400,0.549108,True
58,Pass,Fail,fail,initial_heading_error <= 0.8236 AND initial_heading_error > -1.0574,2.043237,2.396637,0.887076,-0.509292,initial_heading_error,-0.509292,0.824600,1.333892,True
60,Pass,Fail,fail,initial_heading_error <= 0.8236 AND initial_heading_error > -1.0574,1.947314,0.852553,0.804625,0.294883,initial_heading_error,0.294883,0.824600,0.529717,True
60,Pass,Fail,fail,initial_heading_error <= 0.8236 AND initial_heading_error > -1.0574,1.947314,0.852553,0.804625,0.294883,initial_heading_error,0.294883,-1.058400,1.353283,True
67,Pass,Fail,fail,initial_heading_error <= 0.8236 AND initial_heading_error > -1.0574,1.106547,0.947139,0.436259,-0.633012,initial_heading_error,-0.633012,-1.058400,0.425388,True
67,Pass,Fail,fail,initial_heading_error <= 0.8236 AND initial_heading_error > -1.0574,1.106547,0.947139,0.436259,-0.633012,initial_heading_error,-0.633012,0.824600,1.457612,True
70,Pass,Fail,fail,initial_heading_error <= 0.8236 AND initial_heading_error > -1.0574,2.409963,1.674887,0.483599,-0.298017,initial_heading_error,-0.298017,-1.058400,0.760383,True
70,Pass,Fail,fail,initial_heading_error <= 0.8236 AND initial_heading_error > -1.0574,2.409963,1.674887,0.483599,-0.298017,initial_heading_error,-0.298017,0.824600,1.122617,True
73,Pass,Fail,fail,initial_heading_error <= 0.8236 AND initial_heading_error > -1.0574,1.688880,0.405250,0.572231,0.184364,initial_heading_error,0.184364,0.824600,0.640236,True
73,Pass,Fail,fail,initial_heading_error <= 0.8236 AND initial_heading_error > -1.0574,1.688880,0.405250,0.572231,0.184364,initial_heading_error,0.184364,-1.058400,1.242764,True
74,Pass,Fail,fail,initial_heading_error <= 0.8236 AND initial_heading_error > -1.0574,1.271373,1.179191,0.500011,-0.583863,initial_heading_error,-0.583863,-1.058400,0.474537,True
74,Pass,Fail,fail,initial_heading_error <= 0.8236 AND initial_heading_error > -1.0574,1.271373,1.179191,0.500011,-0.583863,initial_heading_error,-0.583863,0.824600,1.408463,True
75,Pass,Fail,fail,initial_heading_error <= 0.8236 AND initial_heading_error > -1.0574,1.611875,2.429390,0.666897,-0.568709,initial_heading_error,-0.568709,-1.058400,0.489691,True
75,Pass,Fail,fail,initial_heading_error <= 0.8236 AND initial_heading_error > -1.0574,1.611875,2.429390,0.666897,-0.568709,initial_heading_error,-0.568709,0.824600,1.393309,True
76,Pass,Fail,fail,initial_heading_error <= 0.8236 AND initial_heading_error > -1.0574,2.408665,1.010407,0.967701,-0.256427,initial_heading_error,-0.256427,-1.058400,0.801973,True
76,Pass,Fail,fail,initial_heading_error <= 0.8236 AND initial_heading_error > -1.0574,2.408665,1.010407,0.967701,-0.256427,initial_heading_error,-0.256427,0.824600,1.081027,True
77,Pass,Fail,fail,initial_heading_error <= 0.8236 AND initial_heading_error > -1.0574,2.126420,1.580924,0.801947,0.200064,initial_heading_error,0.200064,0.824600,0.624536,True
77,Pass,Fail,fail,initial_heading_error <= 0.8236 AND initial_heading_error > -1.0574,2.126420,1.580924,0.801947,0.200064,initial_heading_error,0.200064,-1.058400,1.258464,True
78,Pass,Fail,fail,initial_heading_error <= 0.8236 AND initial_heading_error > -1.0574,2.099339,2.369402,0.604675,-0.406223,initial_heading_error,-0.406223,-1.058400,0.652177,True
78,Pass,Fail,fail,initial_heading_error <= 0.8236 AND initial_heading_error > -1.0574,2.099339,2.369402,0.604675,-0.406223,initial_heading_error,-0.406223,0.824600,1.230823,True
79,Pass,Fail,fail,initial_heading_error <= 0.8236 AND initial_heading_error > -1.0574,1.306069,0.024018,0.644424,0.031227,initial_heading_error,0.031227,0.824600,0.793373,True
79,Pass,Fail,fail,initial_heading_error <= 0.8236 AND initial_heading_error > -1.0574,1.306069,0.024018,0.644424,0.031227,initial_heading_error,0.031227,-1.058400,1.089627,True
80,Pass,Fail,fail,initial_heading_error <= 0.8236 AND initial_heading_error > -1.0574,2.473051,1.677054,0.712253,-0.424592,initial_heading_error,-0.424592,-1.058400,0.633808,True
80,Pass,Fail,fail,initial_heading_error <= 0.8236 AND initial_heading_error > -1.0574,2.473051,1.677054,0.712253,-0.424592,initial_heading_error,-0.424592,0.824600,1.249192,True
81,Pass,Fail,fail,initial_heading_error <= 0.8236 AND initial_heading_error > -1.0574,1.405040,0.451280,0.410303,0.183773,initial_heading_error,0.183773,0.824600,0.640827,True
81,Pass,Fail,fail,initial_heading_error <= 0.8236 AND initial_heading_error > -1.0574,1.405040,0.451280,0.410303,0.183773,initial_heading_error,0.183773,-1.058400,1.242173,True
82,Pass,Fail,fail,initial_heading_error <= 0.8236 AND initial_heading_error > -1.0574,0.758629,0.037050,0.556069,-0.059659,initial_heading_error,-0.059659,0.824600,0.884259,True
82,Pass,Fail,fail,initial_heading_error <= 0.8236 AND initial_heading_error > -1.0574,0.758629,0.037050,0.556069,-0.059659,initial_heading_error,-0.059659,-1.058400,0.998741,True
84,Pass,Fail,fail,initial_heading_error <= 0.8236 AND initial_heading_error > -1.0574,2.199094,0.930263,0.546076,-0.497391,initial_heading_error,-0.497391,-1.058400,0.561009,True
84,Pass,Fail,fail,initial_heading_error <= 0.8236 AND initial_heading_error > -1.0574,2.199094,0.930263,0.546076,-0.497391,initial_heading_error,-0.497391,0.824600,1.321991,True
87,Pass,Fail,fail,initial_heading_error <= 0.8236 AND initial_heading_error > -1.0574,2.537753,0.691512,0.702369,-0.695149,initial_heading_error,-0.695149,-1.058400,0.363251,True
87,Pass,Fail,fail,initial_heading_error <= 0.8236 AND initial_heading_error > -1.0574,2.537753,0.691512,0.702369,-0.695149,initial_heading_error,-0.695149,0.824600,1.519749,True
88,Pass,Fail,fail,initial_heading_error <= 0.8236 AND initial_heading_error > -1.0574,2.096233,0.725058,0.822699,-0.271820,initial_heading_error,-0.271820,-1.058400,0.786580,True
88,Pass,Fail,fail,initial_heading_error <= 0.8236 AND initial_heading_error > -1.0574,2.096233,0.725058,0.822699,-0.271820,initial_heading_error,-0.271820,0.824600,1.096420,True
89,Pass,Fail,fail,initial_heading_error <= 0.8236 AND initial_heading_error > -1.0574,1.967655,0.002401,0.371041,-0.176791,initial_heading_error,-0.176791,-1.058400,0.881609,True
89,Pass,Fail,fail,initial_heading_error <= 0.8236 AND initial_heading_error > -1.0574,1.967655,0.002401,0.371041,-0.176791,initial_heading_error,-0.176791,0.824600,1.001391,True
90,Pass,Fail,fail,initial_heading_error <= 0.8236 AND initial_heading_error > -1.0574,1.868465,0.673097,0.764895,-0.074312,initial_heading_error,-0.074312,0.824600,0.898912,True
90,Pass,Fail,fail,initial_heading_error <= 0.8236 AND initial_heading_error > -1.0574,1.868465,0.673097,0.764895,-0.074312,initial_heading_error,-0.074312,-1.058400,0.984088,True
91,Pass,Fail,fail,initial_heading_error <= 0.8236 AND initial_heading_error > -1.0574,1.642550,0.077549,0.648923,-0.413720,initial_heading_error,-0.413720,-1.058400,0.644680,True
91,Pass,Fail,fail,initial_heading_error <= 0.8236 AND initial_heading_error > -1.0574,1.642550,0.077549,0.648923,-0.413720,initial_heading_error,-0.413720,0.824600,1.238320,True
92,Pass,Fail,fail,initial_heading_error <= 0.8236 AND initial_heading_error > -1.0574,2.074594,0.429244,0.607290,-0.327598,initial_heading_error,-0.327598,-1.058400,0.730802,True
92,Pass,Fail,fail,initial_heading_error <= 0.8236 AND initial_heading_error > -1.0574,2.074594,0.429244,0.607290,-0.327598,initial_heading_error,-0.327598,0.824600,1.152198,True
96,Pass,Fail,fail,initial_heading_error <= 0.8236 AND initial_heading_error > -1.0574,1.490251,2.351495,0.478629,-0.145313,initial_heading_error,-0.145313,-1.058400,0.913087,True
96,Pass,Fail,fail,initial_heading_error <= 0.8236 AND initial_heading_error > -1.0574,1.490251,2.351495,0.478629,-0.145313,initial_heading_error,-0.145313,0.824600,0.969913,True
98,Pass,Fail,fail,initial_heading_error <= 0.8236 AND initial_heading_error > -1.0574,1.244490,1.959748,0.661893,0.313978,initial_heading_error,0.313978,0.824600,0.510622,True
98,Pass,Fail,fail,initial_heading_error <= 0.8236 AND initial_heading_error > -1.0574,1.244490,1.959748,0.661893,0.313978,initial_heading_error,0.313978,-1.058400,1.372378,True
99,Pass,Fail,fail,initial_heading_error <= 0.8236 AND initial_heading_error > -1.0574,0.868797,0.481479,0.665820,0.375485,initial_heading_error,0.375485,0.824600,0.449115,True
99,Pass,Fail,fail,initial_heading_error <= 0.8236 AND initial_heading_error > -1.0574,0.868797,0.481479,0.665820,0.375485,initial_heading_error,0.375485,-1.058400,1.433885,True
100,Pass,Fail,fail,initial_heading_error <= 0.8236 AND initial_heading_error > -1.0574,2.303146,0.485287,0.940742,0.140722,initial_heading_error,0.140722,0.824600,0.683878,True
100,Pass,Fail,fail,initial_heading_error <= 0.8236 AND initial_heading_error > -1.0574,2.303146,0.485287,0.940742,0.140722,initial_heading_error,0.140722,-1.058400,1.199122,True
101,Pass,Fail,fail,initial_heading_error <= 0.8236 AND initial_heading_error > -1.0574,1.197563,2.290531,0.529789,-0.456335,initial_heading_error,-0.456335,-1.058400,0.602065,True
101,Pass,Fail,fail,initial_heading_error <= 0.8236 AND initial_heading_error > -1.0574,1.197563,2.290531,0.529789,-0.456335,initial_heading_error,-0.456335,0.824600,1.280935,True
102,Pass,Fail,fail,initial_heading_error <= 0.8236 AND initial_heading_error > -1.0574,1.031039,0.684885,0.687105,-0.927074,initial_heading_error,-0.927074,-1.058400,0.131326,True
102,Pass,Fail,fail,initial_heading_error <= 0.8236 AND initial_heading_error > -1.0574,1.031039,0.684885,0.687105,-0.927074,initial_heading_error,-0.927074,0.824600,1.751674,True
103,Pass,Fail,fail,initial_heading_error <= 0.8236 AND initial_heading_error > -1.0574,2.372928,2.061941,0.790246,-0.195716,initial_heading_error,-0.195716,-1.058400,0.862684,True
103,Pass,Fail,fail,initial_heading_error <= 0.8236 AND initial_heading_error > -1.0574,2.372928,2.061941,0.790246,-0.195716,initial_heading_error,-0.195716,0.824600,1.020316,True
104,Pass,Fail,fail,initial_heading_error <= 0.8236 AND initial_heading_error > -1.0574,2.141718,1.440530,0.869894,-0.271689,initial_heading_error,-0.271689,-1.058400,0.786711,True
104,Pass,Fail,fail,initial_heading_error <= 0.8236 AND initial_heading_error > -1.0574,2.141718,1.440530,0.869894,-0.271689,initial_heading_error,-0.271689,0.824600,1.096289,True
108,Pass,Fail,fail,initial_heading_error <= 0.8236 AND initial_heading_error > -1.0574,2.316303,1.974758,0.670236,0.263406,initial_heading_error,0.263406,0.824600,0.561194,True
108,Pass,Fail,fail,initial_heading_error <= 0.8236 AND initial_heading_error > -1.0574,2.316303,1.974758,0.670236,0.263406,initial_heading_error,0.263406,-1.058400,1.321806,True
109,Pass,Fail,fail,initial_heading_error <= 0.8236 AND initial_heading_error > -1.0574,2.267683,0.588703,0.351583,-0.382620,initial_heading_error,-0.382620,-1.058400,0.675780,True
109,Pass,Fail,fail,initial_heading_error <= 0.8236 AND initial_heading_error > -1.0574,2.267683,0.588703,0.351583,-0.382620,initial_heading_error,-0.382620,0.824600,1.207220,True
110,Pass,Fail,fail,initial_heading_error <= 0.8236 AND initial_heading_error > -1.0574,1.594549,1.635066,0.451144,0.039933,initial_heading_error,0.039933,0.824600,0.784667,True
110,Pass,Fail,fail,initial_heading_error <= 0.8236 AND initial_heading_error > -1.0574,1.594549,1.635066,0.451144,0.039933,initial_heading_error,0.039933,-1.058400,1.098333,True
112,Pass,Fail,fail,initial_heading_error <= 0.8236 AND initial_heading_error > -1.0574,0.983538,0.410616,0.614498,-0.015883,initial_heading_error,-0.015883,0.824600,0.840483,True
112,Pass,Fail,fail,initial_heading_error <= 0.8236 AND initial_heading_error > -1.0574,0.983538,0.410616,0.614498,-0.015883,initial_heading_error,-0.015883,-1.058400,1.042517,True
116,Pass,Fail,fail,initial_heading_error <= 0.8236 AND initial_heading_error > -1.0574,2.241881,2.113719,0.955495,-0.471958,initial_heading_error,-0.471958,-1.058400,0.586442,True
116,Pass,Fail,fail,initial_heading_error <= 0.8236 AND initial_heading_error > -1.0574,2.241881,2.113719,0.955495,-0.471958,initial_heading_error,-0.471958,0.824600,1.296558,True
118,Pass,Fail,fail,initial_heading_error <= 0.8236 AND initial_heading_error > -1.0574,1.499494,1.274577,0.966565,-0.473525,initial_heading_error,-0.473525,-1.058400,0.584875,True
118,Pass,Fail,fail,initial_heading_error <= 0.8236 AND initial_heading_error > -1.0574,1.499494,1.274577,0.966565,-0.473525,initial_heading_error,-0.473525,0.824600,1.298125,True
119,Pass,Fail,fail,initial_heading_error <= 0.8236 AND initial_heading_error > -1.0574,1.919012,1.449025,0.488891,-0.248179,initial_heading_error,-0.248179,-1.058400,0.810221,True
119,Pass,Fail,fail,initial_heading_error <= 0.8236 AND initial_heading_error > -1.0574,1.919012,1.449025,0.488891,-0.248179,initial_heading_error,-0.248179,0.824600,1.072779,True
120,Pass,Fail,fail,initial_heading_error <= 0.8236 AND initial_heading_error > -1.0574,2.243629,2.485745,0.608604,0.437445,initial_heading_error,0.437445,0.824600,0.387155,True
120,Pass,Fail,fail,initial_heading_error <= 0.8236 AND initial_heading_error > -1.0574,2.243629,2.485745,0.608604,0.437445,initial_heading_error,0.437445,-1.058400,1.495845,True
121,Pass,Fail,fail,initial_heading_error <= 0.8236 AND initial_heading_error > -1.0574,2.586079,0.203286,0.863716,-1.025993,initial_heading_error,-1.025993,-1.058400,0.032407,True
121,Pass,Fail,fail,initial_heading_error <= 0.8236 AND initial_heading_error > -1.0574,2.586079,0.203286,0.863716,-1.025993,initial_heading_error,-1.025993,0.824600,1.850593,True
122,Pass,Fail,fail,initial_heading_error <= 0.8236 AND initial_heading_error > -1.0574,1.833775,1.507590,0.697107,-0.042422,initial_heading_error,-0.042422,0.824600,0.867022,True
122,Pass,Fail,fail,initial_heading_error <= 0.8236 AND initial_heading_error > -1.0574,1.833775,1.507590,0.697107,-0.042422,initial_heading_error,-0.042422,-1.058400,1.015978,True
124,Pass,Fail,fail,initial_heading_error <= 0.8236 AND initial_heading_error > -1.0574,2.481280,0.235015,0.930706,-0.601956,initial_heading_error,-0.601956,-1.058400,0.456444,True
124,Pass,Fail,fail,initial_heading_error <= 0.8236 AND initial_heading_error > -1.0574,2.481280,0.235015,0.930706,-0.601956,initial_heading_error,-0.601956,0.824600,1.426556,True
125,Pass,Fail,fail,initial_heading_error <= 0.8236 AND initial_heading_error > -1.0574,2.132618,0.576050,0.881611,-0.638766,initial_heading_error,-0.638766,-1.058400,0.419634,True
125,Pass,Fail,fail,initial_heading_error <= 0.8236 AND initial_heading_error > -1.0574,2.132618,0.576050,0.881611,-0.638766,initial_heading_error,-0.638766,0.824600,1.463366,True
127,Pass,Fail,fail,initial_heading_error <= 0.8236 AND initial_heading_error > -1.0574,1.503031,1.493126,0.924033,-0.869001,initial_heading_error,-0.869001,-1.058400,0.189399,True
127,Pass,Fail,fail,initial_heading_error <= 0.8236 AND initial_heading_error > -1.0574,1.503031,1.493126,0.924033,-0.869001,initial_heading_error,-0.869001,0.824600,1.693601,True
128,Pass,Fail,fail,initial_heading_error <= 0.8236 AND initial_heading_error > -1.0574,2.172887,0.093413,0.459695,-0.214832,initial_heading_error,-0.214832,-1.058400,0.843568,True
128,Pass,Fail,fail,initial_heading_error <= 0.8236 AND initial_heading_error > -1.0574,2.172887,0.093413,0.459695,-0.214832,initial_heading_error,-0.214832,0.824600,1.039432,True
129,Pass,Fail,fail,initial_heading_error <= 0.8236 AND initial_heading_error > -1.0574,1.729362,0.650237,0.945126,-0.884670,initial_heading_error,-0.884670,-1.058400,0.173730,True
129,Pass,Fail,fail,initial_heading_error <= 0.8236 AND initial_heading_error > -1.0574,1.729362,0.650237,0.945126,-0.884670,initial_heading_error,-0.884670,0.824600,1.709270,True
130,Pass,Fail,fail,initial_heading_error <= 0.8236 AND initial_heading_error > -1.0574,1.534369,1.329564,0.775429,-0.355914,initial_heading_error,-0.355914,-1.058400,0.702486,True
130,Pass,Fail,fail,initial_heading_error <= 0.8236 AND initial_heading_error > -1.0574,1.534369,1.329564,0.775429,-0.355914,initial_heading_error,-0.355914,0.824600,1.180514,True
134,Pass,Fail,fail,initial_heading_error <= 0.8236 AND initial_heading_error > -1.0574,1.300665,1.026754,0.619559,-0.610150,initial_heading_error,-0.610150,-1.058400,0.448250,True
134,Pass,Fail,fail,initial_heading_error <= 0.8236 AND initial_heading_error > -1.0574,1.300665,1.026754,0.619559,-0.610150,initial_heading_error,-0.610150,0.824600,1.434750,True
137,Pass,Fail,fail,initial_heading_error <= 0.8236 AND initial_heading_error > -1.0574,2.249170,2.481713,0.695741,-0.311067,initial_heading_error,-0.311067,-1.058400,0.747333,True
137,Pass,Fail,fail,initial_heading_error <= 0.8236 AND initial_heading_error > -1.0574,2.249170,2.481713,0.695741,-0.311067,initial_heading_error,-0.311067,0.824600,1.135667,True
138,Pass,Fail,fail,initial_heading_error <= 0.8236 AND initial_heading_error > -1.0574,2.478397,0.256878,0.838429,0.033122,initial_heading_error,0.033122,0.824600,0.791478,True
138,Pass,Fail,fail,initial_heading_error <= 0.8236 AND initial_heading_error > -1.0574,2.478397,0.256878,0.838429,0.033122,initial_heading_error,0.033122,-1.058400,1.091522,True
140,Pass,Fail,fail,initial_heading_error <= 0.8236 AND initial_heading_error > -1.0574,1.874092,1.468038,0.704335,-0.444419,initial_heading_error,-0.444419,-1.058400,0.613981,True
140,Pass,Fail,fail,initial_heading_error <= 0.8236 AND initial_heading_error > -1.0574,1.874092,1.468038,0.704335,-0.444419,initial_heading_error,-0.444419,0.824600,1.269019,True
142,Pass,Fail,fail,initial_heading_error <= 0.8236 AND initial_heading_error > -1.0574,1.342920,0.231216,0.599847,0.147611,initial_heading_error,0.147611,0.824600,0.676989,True
142,Pass,Fail,fail,initial_heading_error <= 0.8236 AND initial_heading_error > -1.0574,1.342920,0.231216,0.599847,0.147611,initial_heading_error,0.147611,-1.058400,1.206011,True
145,Pass,Fail,fail,initial_heading_error <= 0.8236 AND initial_heading_error > -1.0574,1.806603,0.569908,0.947959,0.026136,initial_heading_error,0.026136,0.824600,0.798464,True
145,Pass,Fail,fail,initial_heading_error <= 0.8236 AND initial_heading_error > -1.0574,1.806603,0.569908,0.947959,0.026136,initial_heading_error,0.026136,-1.058400,1.084536,True
146,Pass,Fail,fail,initial_heading_error <= 0.8236 AND initial_heading_error > -1.0574,1.754973,1.140316,0.977125,-0.660143,initial_heading_error,-0.660143,-1.058400,0.398257,True
146,Pass,Fail,fail,initial_heading_error <= 0.8236 AND initial_heading_error > -1.0574,1.754973,1.140316,0.977125,-0.660143,initial_heading_error,-0.660143,0.824600,1.484743,True
147,Pass,Fail,fail,initial_heading_error <= 0.8236 AND initial_heading_error > -1.0574,2.461495,1.011354,0.789132,0.191808,initial_heading_error,0.191808,0.824600,0.632792,True
147,Pass,Fail,fail,initial_heading_error <= 0.8236 AND initial_heading_error > -1.0574,2.461495,1.011354,0.789132,0.191808,initial_heading_error,0.191808,-1.058400,1.250208,True
148,Pass,Fail,fail,initial_heading_error <= 0.8236 AND initial_heading_error > -1.0574,2.258873,1.453441,0.856688,-0.448997,initial_heading_error,-0.448997,-1.058400,0.609403,True
148,Pass,Fail,fail,initial_heading_error <= 0.8236 AND initial_heading_error > -1.0574,2.258873,1.453441,0.856688,-0.448997,initial_heading_error,-0.448997,0.824600,1.273597,True
150,Pass,Fail,fail,initial_heading_error <= 0.8236 AND initial_heading_error > -1.0574,2.091597,1.606035,0.442171,0.122200,initial_heading_error,0.122200,0.824600,0.702400,True
150,Pass,Fail,fail,initial_heading_error <= 0.8236 AND initial_heading_error > -1.0574,2.091597,1.606035,0.442171,0.122200,initial_heading_error,0.122200,-1.058400,1.180600,True
152,Pass,Fail,fail,initial_heading_error <= 0.8236 AND initial_heading_error > -1.0574,2.307087,2.350891,0.626196,0.370277,initial_heading_error,0.370277,0.824600,0.454323,True
152,Pass,Fail,fail,initial_heading_error <= 0.8236 AND initial_heading_error > -1.0574,2.307087,2.350891,0.626196,0.370277,initial_heading_error,0.370277,-1.058400,1.428677,True
154,Pass,Fail,fail,initial_heading_error <= 0.8236 AND initial_heading_error > -1.0574,1.927460,1.290415,0.847603,-0.232162,initial_heading_error,-0.232162,-1.058400,0.826238,True
154,Pass,Fail,fail,initial_heading_error <= 0.8236 AND initial_heading_error > -1.0574,1.927460,1.290415,0.847603,-0.232162,initial_heading_error,-0.232162,0.824600,1.056762,True
155,Pass,Fail,fail,initial_heading_error <= 0.8236 AND initial_heading_error > -1.0574,2.414083,1.544698,0.650236,0.202400,initial_heading_error,0.202400,0.824600,0.622200,True
155,Pass,Fail,fail,initial_heading_error <= 0.8236 AND initial_heading_error > -1.0574,2.414083,1.544698,0.650236,0.202400,initial_heading_error,0.202400,-1.058400,1.260800,True
156,Pass,Fail,fail,initial_heading_error <= 0.8236 AND initial_heading_error > -1.0574,1.691818,0.022338,0.716965,-0.788545,initial_heading_error,-0.788545,-1.058400,0.269855,True
156,Pass,Fail,fail,initial_heading_error <= 0.8236 AND initial_heading_error > -1.0574,1.691818,0.022338,0.716965,-0.788545,initial_heading_error,-0.788545,0.824600,1.613145,True
157,Pass,Fail,fail,initial_heading_error <= 0.8236 AND initial_heading_error > -1.0574,1.239814,0.911919,0.583723,-0.335396,initial_heading_error,-0.335396,-1.058400,0.723004,True
157,Pass,Fail,fail,initial_heading_error <= 0.8236 AND initial_heading_error > -1.0574,1.239814,0.911919,0.583723,-0.335396,initial_heading_error,-0.335396,0.824600,1.159996,True
158,Pass,Fail,fail,initial_heading_error <= 0.8236 AND initial_heading_error > -1.0574,2.267493,0.847552,0.970361,-0.269625,initial_heading_error,-0.269625,-1.058400,0.788775,True
158,Pass,Fail,fail,initial_heading_error <= 0.8236 AND initial_heading_error > -1.0574,2.267493,0.847552,0.970361,-0.269625,initial_heading_error,-0.269625,0.824600,1.094225,True
159,Pass,Fail,fail,initial_heading_error <= 0.8236 AND initial_heading_error > -1.0574,1.565195,0.315638,0.602082,-0.657866,initial_heading_error,-0.657866,-1.058400,0.400534,True
159,Pass,Fail,fail,initial_heading_error <= 0.8236 AND initial_heading_error > -1.0574,1.565195,0.315638,0.602082,-0.657866,initial_heading_error,-0.657866,0.824600,1.482466,True
160,Pass,Fail,fail,initial_heading_error <= 0.8236 AND initial_heading_error > -1.0574,1.743422,1.208417,0.988672,-0.692318,initial_heading_error,-0.692318,-1.058400,0.366082,True
160,Pass,Fail,fail,initial_heading_error <= 0.8236 AND initial_heading_error > -1.0574,1.743422,1.208417,0.988672,-0.692318,initial_heading_error,-0.692318,0.824600,1.516918,True
162,Pass,Fail,fail,initial_heading_error <= 0.8236 AND initial_heading_error > -1.0574,1.193878,0.129630,0.699742,-0.899228,initial_heading_error,-0.899228,-1.058400,0.159172,True
162,Pass,Fail,fail,initial_heading_error <= 0.8236 AND initial_heading_error > -1.0574,1.193878,0.129630,0.699742,-0.899228,initial_heading_error,-0.899228,0.824600,1.723828,True
163,Pass,Fail,fail,initial_heading_error <= 0.8236 AND initial_heading_error > -1.0574,1.866105,1.169425,0.717844,-0.717714,initial_heading_error,-0.717714,-1.058400,0.340686,True
163,Pass,Fail,fail,initial_heading_error <= 0.8236 AND initial_heading_error > -1.0574,1.866105,1.169425,0.717844,-0.717714,initial_heading_error,-0.717714,0.824600,1.542314,True
164,Pass,Fail,fail,initial_heading_error <= 0.8236 AND initial_heading_error > -1.0574,1.914124,0.461641,0.998448,-0.982424,initial_heading_error,-0.982424,-1.058400,0.075976,True
164,Pass,Fail,fail,initial_heading_error <= 0.8236 AND initial_heading_error > -1.0574,1.914124,0.461641,0.998448,-0.982424,initial_heading_error,-0.982424,0.824600,1.807024,True
165,Pass,Fail,fail,initial_heading_error <= 0.8236 AND initial_heading_error > -1.0574,2.119627,1.948717,0.703580,-0.175702,initial_heading_error,-0.175702,-1.058400,0.882698,True
165,Pass,Fail,fail,initial_heading_error <= 0.8236 AND initial_heading_error > -1.0574,2.119627,1.948717,0.703580,-0.175702,initial_heading_error,-0.175702,0.824600,1.000302,True
167,Pass,Fail,fail,initial_heading_error <= 0.8236 AND initial_heading_error > -1.0574,1.224323,2.389739,0.390287,0.271681,initial_heading_error,0.271681,0.824600,0.552919,True
167,Pass,Fail,fail,initial_heading_error <= 0.8236 AND initial_heading_error > -1.0574,1.224323,2.389739,0.390287,0.271681,initial_heading_error,0.271681,-1.058400,1.330081,True
168,Pass,Fail,fail,initial_heading_error <= 0.8236 AND initial_heading_error > -1.0574,2.093625,1.919237,0.628837,0.019623,initial_heading_error,0.019623,0.824600,0.804977,True
168,Pass,Fail,fail,initial_heading_error <= 0.8236 AND initial_heading_error > -1.0574,2.093625,1.919237,0.628837,0.019623,initial_heading_error,0.019623,-1.058400,1.078023,True
172,Pass,Fail,fail,initial_heading_error <= 0.8236 AND initial_heading_error > -1.0574,2.591897,0.586367,0.691019,0.051191,initial_heading_error,0.051191,0.824600,0.773409,True
172,Pass,Fail,fail,initial_heading_error <= 0.8236 AND initial_heading_error > -1.0574,2.591897,0.586367,0.691019,0.051191,initial_heading_error,0.051191,-1.058400,1.109591,True
173,Pass,Fail,fail,initial_heading_error <= 0.8236 AND initial_heading_error > -1.0574,2.448163,1.835781,0.949273,-0.594216,initial_heading_error,-0.594216,-1.058400,0.464184,True
173,Pass,Fail,fail,initial_heading_error <= 0.8236 AND initial_heading_error > -1.0574,2.448163,1.835781,0.949273,-0.594216,initial_heading_error,-0.594216,0.824600,1.418816,True
175,Pass,Fail,fail,initial_heading_error <= 0.8236 AND initial_heading_error > -1.0574,1.673607,1.155324,0.617012,0.030891,initial_heading_error,0.030891,0.824600,0.793709,True
175,Pass,Fail,fail,initial_heading_error <= 0.8236 AND initial_heading_error > -1.0574,1.673607,1.155324,0.617012,0.030891,initial_heading_error,0.030891,-1.058400,1.089291,True
176,Pass,Fail,fail,initial_heading_error <= 0.8236 AND initial_heading_error > -1.0574,2.548248,1.910822,0.669927,-0.127595,initial_heading_error,-0.127595,-1.058400,0.930805,True
176,Pass,Fail,fail,initial_heading_error <= 0.8236 AND initial_heading_error > -1.0574,2.548248,1.910822,0.669927,-0.127595,initial_heading_error,-0.127595,0.824600,0.952195,True
179,Pass,Fail,fail,initial_heading_error <= 0.8236 AND initial_heading_error > -1.0574,2.086520,1.272307,0.937911,-0.274468,initial_heading_error,-0.274468,-1.058400,0.783932,True
179,Pass,Fail,fail,initial_heading_error <= 0.8236 AND initial_heading_error > -1.0574,2.086520,1.272307,0.937911,-0.274468,initial_heading_error,-0.274468,0.824600,1.099068,True
180,Pass,Fail,fail,initial_heading_error <= 0.8236 AND initial_heading_error > -1.0574,1.610580,2.251629,0.395593,0.163217,initial_heading_error,0.163217,0.824600,0.661383,True
180,Pass,Fail,fail,initial_heading_error <= 0.8236 AND initial_heading_error > -1.0574,1.610580,2.251629,0.395593,0.163217,initial_heading_error,0.163217,-1.058400,1.221617,True
182,Pass,Fail,fail,initial_heading_error <= 0.8236 AND initial_heading_error > -1.0574,1.776578,0.613309,0.468158,-0.332178,initial_heading_error,-0.332178,-1.058400,0.726222,True
182,Pass,Fail,fail,initial_heading_error <= 0.8236 AND initial_heading_error > -1.0574,1.776578,0.613309,0.468158,-0.332178,initial_heading_error,-0.332178,0.824600,1.156778,True
183,Pass,Fail,fail,initial_heading_error <= 0.8236 AND initial_heading_error > -1.0574,2.025939,0.124643,0.370641,0.011785,initial_heading_error,0.011785,0.824600,0.812815,True
183,Pass,Fail,fail,initial_heading_error <= 0.8236 AND initial_heading_error > -1.0574,2.025939,0.124643,0.370641,0.011785,initial_heading_error,0.011785,-1.058400,1.070185,True
184,Pass,Fail,fail,initial_heading_error <= 0.8236 AND initial_heading_error > -1.0574,1.730346,1.628503,0.397472,0.207747,initial_heading_error,0.207747,0.824600,0.616853,True
184,Pass,Fail,fail,initial_heading_error <= 0.8236 AND initial_heading_error > -1.0574,1.730346,1.628503,0.397472,0.207747,initial_heading_error,0.207747,-1.058400,1.266147,True
185,Pass,Fail,fail,initial_heading_error <= 0.8236 AND initial_heading_error > -1.0574,2.139238,2.339564,0.525834,-0.152789,initial_heading_error,-0.152789,-1.058400,0.905611,True
185,Pass,Fail,fail,initial_heading_error <= 0.8236 AND initial_heading_error > -1.0574,2.139238,2.339564,0.525834,-0.152789,initial_heading_error,-0.152789,0.824600,0.977389,True
186,Pass,Fail,fail,initial_heading_error <= 0.8236 AND initial_heading_error > -1.0574,1.990796,1.028663,0.504646,-0.210875,initial_heading_error,-0.210875,-1.058400,0.847525,True
186,Pass,Fail,fail,initial_heading_error <= 0.8236 AND initial_heading_error > -1.0574,1.990796,1.028663,0.504646,-0.210875,initial_heading_error,-0.210875,0.824600,1.035475,True
188,Pass,Fail,fail,initial_heading_error <= 0.8236 AND initial_heading_error > -1.0574,2.432645,0.047086,0.580656,-0.794435,initial_heading_error,-0.794435,-1.058400,0.263965,True
188,Pass,Fail,fail,initial_heading_error <= 0.8236 AND initial_heading_error > -1.0574,2.432645,0.047086,0.580656,-0.794435,initial_heading_error,-0.794435,0.824600,1.619035,True
189,Pass,Fail,fail,initial_heading_error <= 0.8236 AND initial_heading_error > -1.0574,1.559819,2.245676,0.817968,0.533199,initial_heading_error,0.533199,0.824600,0.291401,True
189,Pass,Fail,fail,initial_heading_error <= 0.8236 AND initial_heading_error > -1.0574,1.559819,2.245676,0.817968,0.533199,initial_heading_error,0.533199,-1.058400,1.591599,True
190,Pass,Fail,fail,initial_heading_error <= 0.8236 AND initial_heading_error > -1.0574,2.425743,0.283488,0.871142,-0.687164,initial_heading_error,-0.687164,-1.058400,0.371236,True
190,Pass,Fail,fail,initial_heading_error <= 0.8236 AND initial_heading_error > -1.0574,2.425743,0.283488,0.871142,-0.687164,initial_heading_error,-0.687164,0.824600,1.511764,True
192,Pass,Fail,fail,initial_heading_error <= 0.8236 AND initial_heading_error > -1.0574,1.366197,1.587573,0.513167,0.180987,initial_heading_error,0.180987,0.824600,0.643613,True
192,Pass,Fail,fail,initial_heading_error <= 0.8236 AND initial_heading_error > -1.0574,1.366197,1.587573,0.513167,0.180987,initial_heading_error,0.180987,-1.058400,1.239387,True
193,Pass,Fail,fail,initial_heading_error <= 0.8236 AND initial_heading_error > -1.0574,1.233199,1.263915,0.888601,-0.866799,initial_heading_error,-0.866799,-1.058400,0.191601,True
193,Pass,Fail,fail,initial_heading_error <= 0.8236 AND initial_heading_error > -1.0574,1.233199,1.263915,0.888601,-0.866799,initial_heading_error,-0.866799,0.824600,1.691399,True
194,Pass,Fail,fail,initial_heading_error <= 0.8236 AND initial_heading_error > -1.0574,1.962858,1.005706,0.916051,0.360162,initial_heading_error,0.360162,0.824600,0.464438,True
194,Pass,Fail,fail,initial_heading_error <= 0.8236 AND initial_heading_error > -1.0574,1.962858,1.005706,0.916051,0.360162,initial_heading_error,0.360162,-1.058400,1.418562,True
195,Pass,Fail,fail,initial_heading_error <= 0.8236 AND initial_heading_error > -1.0574,1.894502,1.574486,0.621058,-0.527149,initial_heading_error,-0.527149,-1.058400,0.531251,True
195,Pass,Fail,fail,initial_heading_error <= 0.8236 AND initial_heading_error > -1.0574,1.894502,1.574486,0.621058,-0.527149,initial_heading_error,-0.527149,0.824600,1.351749,True
196,Pass,Fail,fail,initial_heading_error <= 0.8236 AND initial_heading_error > -1.0574,1.817771,0.856163,0.858417,-0.403975,initial_heading_error,-0.403975,-1.058400,0.654425,True
196,Pass,Fail,fail,initial_heading_error <= 0.8236 AND initial_heading_error > -1.0574,1.817771,0.856163,0.858417,-0.403975,initial_heading_error,-0.403975,0.824600,1.228575,True
197,Pass,Fail,fail,initial_heading_error <= 0.8236 AND initial_heading_error > -1.0574,0.946084,1.589741,0.510213,-0.618446,initial_heading_error,-0.618446,-1.058400,0.439954,True
197,Pass,Fail,fail,initial_heading_error <= 0.8236 AND initial_heading_error > -1.0574,0.946084,1.589741,0.510213,-0.618446,initial_heading_error,-0.618446,0.824600,1.443046,True
198,Pass,Fail,fail,initial_heading_error <= 0.8236 AND initial_heading_error > -1.0574,1.188740,1.678521,0.410349,-0.371317,initial_heading_error,-0.371317,-1.058400,0.687083,True
198,Pass,Fail,fail,initial_heading_error <= 0.8236 AND initial_heading_error > -1.0574,1.188740,1.678521,0.410349,-0.371317,initial_heading_error,-0.371317,0.824600,1.195917,True
199,Pass,Fail,fail,initial_heading_error <= 0.8236 AND initial_heading_error > -1.0574,1.973918,2.268440,0.719792,0.013551,initial_heading_error,0.013551,0.824600,0.811049,True
199,Pass,Fail,fail,initial_heading_error <= 0.8236 AND initial_heading_error > -1.0574,1.973918,2.268440,0.719792,0.013551,initial_heading_error,0.013551,-1.058400,1.071951,True
